{
    "name": "Player",
    "position": [
        -1024.739990234375,
        -516.6300048828125,
        3.480818122625351e-08
    ],
    "facing": [
        -103.8004379272461,
        0.0,
        -0.0
    ],
    "time": [
        62.8379999995749,
        3
    ]
}